Rank,Title,Citations,Year,URL,Description
1,A network integration approach for drug-target interaction prediction and computational drug repositioning from heterogeneous information,979,2017,https://scholar.google.com/citations?view_op=view_citation&hl=en&user=N8RBFoAAAAAJ&pagesize=50&citation_for_view=N8RBFoAAAAAJ:d1gkVwhDpl0C,"The emergence of large-scale genomic, chemical and pharmacological data provides new opportunities for drug discovery and repositioning. In this work, we develop a computational pipeline, called DTINet, to predict novel drug–target interactions from a constructed heterogeneous network, which integrates diverse drug-related information. DTINet focuses on learning a low-dimensional vector representation of features, which accurately explains the topological properties of individual nodes in the heterogeneous network, and then makes prediction based on these representations via a vector space projection scheme. DTINet achieves substantial performance improvement over other state-of-the-art methods for drug–target interaction prediction. Moreover, we experimentally validate the novel interactions between three drugs and the cyclooxygenase proteins predicted by DTINet, and demonstrate the new …"
2,Enzyme function prediction using contrastive learning,505,2023,https://scholar.google.com/citations?view_op=view_citation&hl=en&user=N8RBFoAAAAAJ&pagesize=50&citation_for_view=N8RBFoAAAAAJ:4DMP91E08xMC,"Enzyme function annotation is a fundamental challenge, and numerous computational tools have been developed. However, most of these tools cannot accurately predict functional annotations, such as enzyme commission (EC) number, for less-studied proteins or those with previously uncharacterized functions or multiple activities. We present a machine learning algorithm named CLEAN (contrastive learning–enabled enzyme annotation) to assign EC numbers to enzymes with better accuracy, reliability, and sensitivity compared with the state-of-the-art tool BLASTp. The contrastive learning framework empowers CLEAN to confidently (i) annotate understudied enzymes, (ii) correct mislabeled enzymes, and (iii) identify promiscuous enzymes with two or more EC numbers—functions that we demonstrate by systematic in silico and in vitro experiments. We anticipate that this tool will be widely used for predicting the …"
3,An integrative drug repositioning framework discovered a potential therapeutic agent targeting COVID-19,292,2021,https://scholar.google.com/citations?view_op=view_citation&hl=en&user=N8RBFoAAAAAJ&pagesize=50&citation_for_view=N8RBFoAAAAAJ:L8Ckcad2t8MC,"The global spread of severe acute respiratory syndrome coronavirus 2 (SARS-CoV-2) requires an urgent need to find effective therapeutics for the treatment of coronavirus disease 2019 (COVID-19). In this study, we developed an integrative drug repositioning framework, which fully takes advantage of machine learning and statistical analysis approaches to systematically integrate and mine large-scale knowledge graph, literature and transcriptome data to discover the potential drug candidates against SARS-CoV-2. Our in silico screening followed by wet-lab validation indicated that a poly-ADP-ribose polymerase 1 (PARP1) inhibitor, CVL218, currently in Phase I clinical trial, may be repurposed to treat COVID-19. Our in vitro assays revealed that CVL218 can exhibit effective inhibitory activity against SARS-CoV-2 replication without obvious cytopathic effect. In addition, we showed that CVL218 can interact with the …"
4,ECNet is an evolutionary context-integrated deep learning framework for protein engineering,214,2021,https://scholar.google.com/citations?view_op=view_citation&hl=en&user=N8RBFoAAAAAJ&pagesize=50&citation_for_view=N8RBFoAAAAAJ:8k81kl-MbHgC,"Machine learning has been increasingly used for protein engineering. However, because the general sequence contexts they capture are not specific to the protein being engineered, the accuracy of existing machine learning algorithms is rather limited. Here, we report ECNet (evolutionary context-integrated neural network), a deep-learning algorithm that exploits evolutionary contexts to predict functional fitness for protein engineering. This algorithm integrates local evolutionary context from homologous sequences that explicitly model residue-residue epistasis for the protein of interest with the global evolutionary context that encodes rich semantic and structural features from the enormous protein sequence universe. As such, it enables accurate mapping from sequence to function and provides generalization from low-order mutants to higher-order mutants. We show that ECNet predicts the sequence-function …"
5,Few-shot learning creates predictive models of drug response that translate from high-throughput screens to individual patients,201,2021,https://scholar.google.com/citations?view_op=view_citation&hl=en&user=N8RBFoAAAAAJ&pagesize=50&citation_for_view=N8RBFoAAAAAJ:Se3iqnhoufwC,"Cell-line screens create expansive datasets for learning predictive markers of drug response, but these models do not readily translate to the clinic with its diverse contexts and limited data. In the present study, we apply a recently developed technique, few-shot machine learning, to train a versatile neural network model in cell lines that can be tuned to new contexts using few additional samples. The model quickly adapts when switching among different tissue types and in moving from cell-line models to clinical contexts, including patient-derived tumor cells and patient-derived xenografts. It can also be interpreted to identify the molecular features most important to a drug response, highlighting critical roles for RB1 and SMAD4 in the response to CDK inhibition and RNF8 and CHD4 in the response to ATM inhibition. The few-shot learning framework provides a bridge from the many samples surveyed in high …"
6,Deep geometric representations for modeling effects of mutations on protein-protein binding affinity,167,2021,https://scholar.google.com/citations?view_op=view_citation&hl=en&user=N8RBFoAAAAAJ&pagesize=50&citation_for_view=N8RBFoAAAAAJ:5nxA0vEk-isC,"Modeling the impact of amino acid mutations on protein-protein interaction plays a crucial role in protein engineering and drug design. In this study, we develop GeoPPI, a novel structure-based deep-learning framework to predict the change of binding affinity upon mutations. Based on the three-dimensional structure of a protein, GeoPPI first learns a geometric representation that encodes topology features of the protein structure via a self-supervised learning scheme. These representations are then used as features for training gradient-boosting trees to predict the changes of protein-protein binding affinity upon mutations. We find that GeoPPI is able to learn meaningful features that characterize interactions between atoms in protein structures. In addition, through extensive experiments, we show that GeoPPI achieves new state-of-the-art performance in predicting the binding affinity changes upon both single- and multi-point mutations on six benchmark datasets. Moreover, we show that GeoPPI can accurately estimate the difference of binding affinities between a few recently identified SARS-CoV-2 antibodies and the receptor-binding domain (RBD) of the S protein. These results demonstrate the potential of GeoPPI as a powerful and useful computational tool in protein design and engineering. Our code and datasets are available at: https://github.com/Liuxg16/GeoPPI."
7,When causal inference meets deep learning,159,2020,https://scholar.google.com/citations?view_op=view_citation&hl=en&user=N8RBFoAAAAAJ&pagesize=50&citation_for_view=N8RBFoAAAAAJ:_FxGoFyzp5QC,"Bayesian networks can capture causal relations, but learning such a network from data is NP-hard. Recent work has made it possible to approximate this problem as a continuous optimization task that can be solved efficiently with well-established numerical techniques."
8,"STAIR: A generic and fully-automated method to fuse multiple sources of optical satellite data to generate a high-resolution, daily and cloud-/gap-free surface reflectance product",157,2018,https://scholar.google.com/citations?view_op=view_citation&hl=en&user=N8RBFoAAAAAJ&pagesize=50&citation_for_view=N8RBFoAAAAAJ:Tyk-4Ss8FVUC,"Surface reflectance data with high resolutions in both space and time have been desired and demanded by scientific research and societal applications. Standard satellite missions could not provide such data at both high resolutions. Fusion approaches that leverage the complementary strengths in various satellite sources (e.g. MODIS/VIIRS/GOES-R's sub-daily revisiting frequency and Landsat/Sentinel-2's high spatial resolution) provide a viable means to simultaneously achieve both high resolutions in the fusion data. In this paper, we presented a novel, generic and fully-automated method, STAIR, for fusing multi-spectral satellite data to generate a high-frequency, high-resolution and cloud-/gap-free data. Building on the time series of multiple sources of satellite data, STAIR first imputes the missing-value pixels (due to cloud cover or sensor mechanical issues) in satellite images using an adaptive-average …"
9,Deriving high-spatiotemporal-resolution leaf area index for agroecosystems in the US Corn Belt using Planet Labs CubeSat and STAIR fusion data,148,2020,https://scholar.google.com/citations?view_op=view_citation&hl=en&user=N8RBFoAAAAAJ&pagesize=50&citation_for_view=N8RBFoAAAAAJ:eQOLeE2rZwMC,"Leaf area index (LAI) is a key variable for characterizing crop growth conditions and estimating crop productivity. Despite continuing efforts to develop LAI estimation algorithms, LAI datasets still need improvement at spatial and temporal resolutions to meet the requirements of agricultural applications. Advancements in data fusion technique and the emergence of new satellite data provide opportunities for LAI data at higher resolutions in both space and time. In this study, we derived new LAI estimations by leveraging novel satellite remote sensing datasets, STAIR fusion (MODIS-Landsat fusion) and Planet Labs' CubeSat data (through a reprocessed pipeline) for a typical agricultural landscape in the U.S. Corn Belt. The STAIR fused data and our reprocessed CubeSat data have both fine spatial resolutions (30 m and 3.125 m, respectively) and high frequencies (daily for both). To reliably estimate LAI from these …"
10,Crowdsourcing assessment of maternal blood multi-omics for predicting gestational age and preterm birth,106,2021,https://scholar.google.com/citations?view_op=view_citation&hl=en&user=N8RBFoAAAAAJ&pagesize=50&citation_for_view=N8RBFoAAAAAJ:_kc_bZDykSQC,"Identification of pregnancies at risk of preterm birth (PTB), the leading cause of newborn deaths, remains challenging given the syndromic nature of the disease. We report a longitudinal multi-omics study coupled with a DREAM challenge to develop predictive models of PTB. The findings indicate that whole-blood gene expression predicts ultrasound-based gestational ages in normal and complicated pregnancies (r = 0.83) and, using data collected before 37 weeks of gestation, also predicts the delivery date in both normal pregnancies (r = 0.86) and those with spontaneous preterm birth (r = 0.75). Based on samples collected before 33 weeks in asymptomatic women, our analysis suggests that expression changes preceding preterm prelabor rupture of the membranes are consistent across time points and cohorts and involve leukocyte-mediated immunity. Models built from plasma proteomic data predict …"
11,Crowdsourced mapping of unexplored target space of kinase inhibitors,95,2021,https://scholar.google.com/citations?view_op=view_citation&hl=en&user=N8RBFoAAAAAJ&pagesize=50&citation_for_view=N8RBFoAAAAAJ:0EnyYjriUFMC,"Despite decades of intensive search for compounds that modulate the activity of particular protein targets, a large proportion of the human kinome remains as yet undrugged. Effective approaches are therefore required to map the massive space of unexplored compound–kinase interactions for novel and potent activities. Here, we carry out a crowdsourced benchmarking of predictive algorithms for kinase inhibitor potencies across multiple kinase families tested on unpublished bioactivity data. We find the top-performing predictions are based on various models, including kernel learning, gradient boosting and deep learning, and their ensemble leads to a predictive accuracy exceeding that of single-dose kinase activity assays. We design experiments based on the model predictions and identify unexpected activities even for under-studied kinases, thereby accelerating experimental mapping efforts. The open-source …"
12,Machine learning-guided co-optimization of fitness and diversity facilitates combinatorial library design in enzyme engineering,63,2024,https://scholar.google.com/citations?view_op=view_citation&hl=en&user=N8RBFoAAAAAJ&pagesize=50&citation_for_view=N8RBFoAAAAAJ:-f6ydRqryjwC,"The effective design of combinatorial libraries to balance fitness and diversity facilitates the engineering of useful enzyme functions, particularly those that are poorly characterized or unknown in biology. We introduce MODIFY, a machine learning (ML) algorithm that learns from natural protein sequences to infer evolutionarily plausible mutations and predict enzyme fitness. MODIFY co-optimizes predicted fitness and sequence diversity of starting libraries, prioritizing high-fitness variants while ensuring broad sequence coverage. In silico evaluation shows that MODIFY outperforms state-of-the-art unsupervised methods in zero-shot fitness prediction and enables ML-guided directed evolution with enhanced efficiency. Using MODIFY, we engineer generalist biocatalysts derived from a thermostable cytochrome c to achieve enantioselective C-B and C-Si bond formation via a new-to-nature carbene transfer mechanism …"
13,Calibrated geometric deep learning improves kinase–drug binding predictions,61,2023,https://scholar.google.com/citations?view_op=view_citation&hl=en&user=N8RBFoAAAAAJ&pagesize=50&citation_for_view=N8RBFoAAAAAJ:QIV2ME_5wuYC,"Protein kinases regulate various cellular functions and hold significant pharmacological promise in cancer and other diseases. Although kinase inhibitors are one of the largest groups of approved drugs, much of the human kinome remains unexplored but potentially druggable. Computational approaches, such as machine learning, offer efficient solutions for exploring kinase–compound interactions and uncovering novel binding activities. Despite the increasing availability of three-dimensional (3D) protein and compound structures, existing methods predominantly focus on exploiting local features from one-dimensional protein sequences and two-dimensional molecular graphs to predict binding affinities, overlooking the 3D nature of the binding process. Here we present KDBNet, a deep learning algorithm that incorporates 3D protein and molecule structure data to predict binding affinities. KDBNet uses graph …"
14,Sequence modeling of temporal credit assignment for episodic reinforcement learning,52,2019,https://scholar.google.com/citations?view_op=view_citation&hl=en&user=N8RBFoAAAAAJ&pagesize=50&citation_for_view=N8RBFoAAAAAJ:Y0pCki6q_DkC,"Recent advances in deep reinforcement learning algorithms have shown great potential and success for solving many challenging real-world problems, including Go game and robotic applications. Usually, these algorithms need a carefully designed reward function to guide training in each time step. However, in real world, it is non-trivial to design such a reward function, and the only signal available is usually obtained at the end of a trajectory, also known as the episodic reward or return. In this work, we introduce a new algorithm for temporal credit assignment, which learns to decompose the episodic return back to each time-step in the trajectory using deep neural networks. With this learned reward signal, the learning efficiency can be substantially improved for episodic reinforcement learning. In particular, we find that expressive language models such as the Transformer can be adopted for learning the importance and the dependency of states in the trajectory, therefore providing high-quality and interpretable learned reward signals. We have performed extensive experiments on a set of MuJoCo continuous locomotive control tasks with only episodic returns and demonstrated the effectiveness of our algorithm."
15,Interpretable geometric deep learning via learnable randomness injection,51,2023,https://scholar.google.com/citations?view_op=view_citation&hl=en&user=N8RBFoAAAAAJ&pagesize=50&citation_for_view=N8RBFoAAAAAJ:M3ejUd6NZC8C,"Point cloud data is ubiquitous in scientific fields. Recently, geometric deep learning (GDL) has been widely applied to solve prediction tasks with such data. However, GDL models are often complicated and hardly interpretable, which poses concerns to scientists who are to deploy these models in scientific analysis and experiments. This work proposes a general mechanism, learnable randomness injection (LRI), which allows building inherently interpretable models based on general GDL backbones. LRI-induced models, once trained, can detect the points in the point cloud data that carry information indicative of the prediction label. We also propose four datasets from real scientific applications that cover the domains of high-energy physics and biochemistry to evaluate the LRI mechanism. Compared with previous post-hoc interpretation methods, the points detected by LRI align much better and stabler with the ground-truth patterns that have actual scientific meanings. LRI is grounded by the information bottleneck principle, and thus LRI-induced models are also more robust to distribution shifts between training and test scenarios. Our code and datasets are available at \url{https://github.com/Graph-COM/LRI}."
16,Metagenomic binning through low-density hashing,44,2019,https://scholar.google.com/citations?view_op=view_citation&hl=en&user=N8RBFoAAAAAJ&pagesize=50&citation_for_view=N8RBFoAAAAAJ:IjCSPb-OGe4C,"Motivation Vastly greater quantities of microbial genome data are being generated where environmental samples mix together the DNA from many different species. Here, we present Opal for metagenomic binning, the task of identifying the origin species of DNA sequencing reads. We introduce ‘low-density’ locality sensitive hashing to bioinformatics, with the addition of Gallager codes for even coverage, enabling quick and accurate metagenomic binning. Results On public benchmarks, Opal halves the error on precision/recall (F1-score) as compared with both alignment-based and alignment-free methods for species classification. We demonstrate even more marked improvement at higher taxonomic levels, allowing for the discovery of novel lineages. Furthermore, the innovation of low-density, even-coverage hashing should itself prove an essential methodological advance …"
17,Deepmask: an algorithm for cloud and cloud shadow detection in optical satellite remote sensing images using deep residual network,38,2019,https://scholar.google.com/citations?view_op=view_citation&hl=en&user=N8RBFoAAAAAJ&pagesize=50&citation_for_view=N8RBFoAAAAAJ:YsMSGLbcyi4C,"Detecting and masking cloud and cloud shadow from satellite remote sensing images is a pervasive problem in the remote sensing community. Accurate and efficient detection of cloud and cloud shadow is an essential step to harness the value of remotely sensed data for almost all downstream analysis. DeepMask, a new algorithm for cloud and cloud shadow detection in optical satellite remote sensing imagery, is proposed in this study. DeepMask utilizes ResNet, a deep convolutional neural network, for pixel-level cloud mask generation. The algorithm is trained and evaluated on the Landsat 8 Cloud Cover Assessment Validation Dataset distributed across 8 different land types. Compared with CFMask, the most widely used cloud detection algorithm, land-type-specific DeepMask models achieve higher accuracy across all land types. The average accuracy is 93.56%, compared with 85.36% from CFMask. DeepMask also achieves 91.02% accuracy on all-land-type dataset. Compared with other CNN-based cloud mask algorithms, DeepMask benefits from the parsimonious architecture and the residual connection of ResNet. It is compatible with input of any size and shape. DeepMask still maintains high performance when using only red, green, blue, and NIR bands, indicating its potential to be applied to other satellite platforms that only have limited optical bands."
18,Linkernet: Fragment poses and linker co-design with 3d equivariant diffusion,28,2023,https://scholar.google.com/citations?view_op=view_citation&hl=en&user=N8RBFoAAAAAJ&pagesize=50&citation_for_view=N8RBFoAAAAAJ:9ZlFYXVOiuMC,"Targeted protein degradation techniques, such as PROteolysis TArgeting Chimeras (PROTACs), have emerged as powerful tools for selectively removing disease-causing proteins. One challenging problem in this field is designing a linker to connect different molecular fragments to form a stable drug-candidate molecule. Existing models for linker design assume that the relative positions of the fragments are known, which may not be the case in real scenarios. In this work, we address a more general problem where the poses of the fragments are unknown in 3D space. We develop a 3D equivariant diffusion model that jointly learns the generative process of both fragment poses and the 3D structure of the linker. By viewing fragments as rigid bodies, we design a fragment pose prediction module inspired by the Newton-Euler equations in rigid body mechanics. Empirical studies on ZINC and PROTAC-DB datasets demonstrate that our model can generate chemically valid, synthetically-accessible, and low-energy molecules under both unconstrained and constrained generation settings."
19,Integrating thermodynamic and sequence contexts improves protein-RNA binding prediction,27,2019,https://scholar.google.com/citations?view_op=view_citation&hl=en&user=N8RBFoAAAAAJ&pagesize=50&citation_for_view=N8RBFoAAAAAJ:WF5omc3nYNoC,"Predicting RNA-binding protein (RBP) specificity is important for understanding gene expression regulation and RNA-mediated enzymatic processes. It is widely believed that RBP binding specificity is determined by both the sequence and structural contexts of RNAs. Existing approaches, including traditional machine learning algorithms and more recently, deep learning models, have been extensively applied to integrate RNA sequence and its predicted or experimental RNA structural probabilities for improving the accuracy of RBP binding prediction. Such models were trained mostly on the large-scale in vitro datasets, such as the RNAcompete dataset. However, in RNAcompete, most synthetic RNAs are unstructured, which makes machine learning methods not effectively extract RBP-binding structural preferences. Furthermore, RNA structure may be variable or multi-modal according to both theoretical and experimental evidence. In this work, we propose ThermoNet, a thermodynamic prediction model by integrating a new sequence-embedding convolutional neural network model over a thermodynamic ensemble of RNA secondary structures. First, the sequence-embedding convolutional neural network generalizes the existing k-mer based methods by jointly learning convolutional filters and k-mer embeddings to represent RNA sequence contexts. Second, the thermodynamic average of deep-learning predictions is able to explore structural variability and improves the prediction, especially for the structured RNAs. Extensive experiments demonstrate that our method significantly outperforms existing approaches, including RCK, DeepBind …"
20,Opportunities and challenges of graph neural networks in electrical engineering,26,2024,https://scholar.google.com/citations?view_op=view_citation&hl=en&user=N8RBFoAAAAAJ&pagesize=50&citation_for_view=N8RBFoAAAAAJ:hFOr9nPyWt4C,"Graph neural networks (GNNs) are a class of deep learning algorithms that learn from graphs, networks and relational data. They have found applications throughout the sciences and made significant strides in electrical engineering. GNNs can learn from various electrical and electronic systems, such as electronic circuits, wireless networks and power systems, and assist in solving optimization or inference tasks where traditional approaches may be slow or inaccurate. Robust learning algorithms and efficient computational hardware developed and tailored for GNNs have amplified their relevance to electrical engineering. We have entered an era in which the studies of GNNs and electrical engineering are intertwined, opening to opportunities and challenges to researchers in both fields. This Review explores applications of GNNs that might generate notable impacts on electrical engineering. We discuss how …"
21,"STAIR 2.0: A generic and automatic algorithm to fuse modis, landsat, and Sentinel-2 to generate 10 m, daily, and cloud-/gap-free surface reflectance product",25,2020,https://scholar.google.com/citations?view_op=view_citation&hl=en&user=N8RBFoAAAAAJ&pagesize=50&citation_for_view=N8RBFoAAAAAJ:roLk4NBRz8UC,"Remote sensing datasets with both high spatial and high temporal resolution are critical for monitoring and modeling the dynamics of land surfaces. However, no current satellite sensor could simultaneously achieve both high spatial resolution and high revisiting frequency. Therefore, the integration of different sources of satellite data to produce a fusion product has become a popular solution to address this challenge. Many methods have been proposed to generate synthetic images with rich spatial details and high temporal frequency by combining two types of satellite datasets—usually frequent coarse-resolution images (e.g., MODIS) and sparse fine-resolution images (e.g., Landsat). In this paper, we introduce STAIR 2.0, a new fusion method that extends the previous STAIR fusion framework, to fuse three types of satellite datasets, including MODIS, Landsat, and Sentinel-2. In STAIR 2.0, input images are first processed to impute missing-value pixels that are due to clouds or sensor mechanical issues using a gap-filling algorithm. The multiple refined time series are then integrated stepwisely, from coarse- to fine- and high-resolution, ultimately providing a synthetic daily, high-resolution surface reflectance observations. We applied STAIR 2.0 to generate a 10-m, daily, cloud-/gap-free time series that covers the 2017 growing season of Saunders County, Nebraska. Moreover, the framework is generic and can be extended to integrate more types of satellite data sources, further improving the quality of the fusion product."
22,Metabolic activity organizes olfactory representations,24,2023,https://scholar.google.com/citations?view_op=view_citation&hl=en&user=N8RBFoAAAAAJ&pagesize=50&citation_for_view=N8RBFoAAAAAJ:ULOm3_A8WrAC,"Hearing and vision sensory systems are tuned to the natural statistics of acoustic and electromagnetic energy on earth and are evolved to be sensitive in ethologically relevant ranges. But what are the natural statistics of odors, and how do olfactory systems exploit them? Dissecting an accurate machine learning model (Lee et al., 2022) for human odor perception, we find a computable representation for odor at the molecular level that can predict the odor-evoked receptor, neural, and behavioral responses of nearly all terrestrial organisms studied in olfactory neuroscience. Using this olfactory representation (principal odor map [POM]), we find that odorous compounds with similar POM representations are more likely to co-occur within a substance and be metabolically closely related; metabolic reaction sequences (Caspi et al., 2014) also follow smooth paths in POM despite large jumps in molecular structure. Just as the brain’s visual representations have evolved around the natural statistics of light and shapes, the natural statistics of metabolism appear to shape the brain’s representation of the olfactory world."
23,Next decade’s AI-based drug development features tight integration of data and computation,22,2022,https://scholar.google.com/citations?view_op=view_citation&hl=en&user=N8RBFoAAAAAJ&pagesize=50&citation_for_view=N8RBFoAAAAAJ:kNdYIx-mwKoC,"Traditional drug development heavily relies on humanderived rational and effort to detect the functional mechanisms of diseases, identify druggable targets, and design lead compounds to hit the targets. Despite our progress in understanding human diseases and the advances in biotechnology, the search for novel therapeutics remains a timeconsuming and costly process. With the recent tremendous success of artificial intelligence (AI) in various domains, AI-based drug development is poised to become a revolutionary force in the pharmaceutical sector and is expected to fundamentally change the traditional trial-and-error design process (Figure 1 (a)).Promising progress has been made in using AI for drug design. For instance, Insilico Medicine has applied deep learning techniques to discover potent inhibitors of discoidin domain receptor 1 (DDR1)[1]. UK’s Excientia has developed the world’s first AI-designed …"
24,Evolutionary context-integrated deep sequence modeling for protein engineering,22,2020,https://scholar.google.com/citations?view_op=view_citation&hl=en&user=N8RBFoAAAAAJ&pagesize=50&citation_for_view=N8RBFoAAAAAJ:9yKSN-GCB0IC,"Protein engineering seeks to design proteins with improved or novel functions. Compared to rational design and directed evolution approaches, machine learning-guided approaches traverse the fitness landscape more effectively and hold the promise for accelerating engineering and reducing the experimental cost and effort."
25,Characterization of SARS-CoV-2 viral diversity within and across hosts,21,2020,https://scholar.google.com/citations?view_op=view_citation&hl=en&user=N8RBFoAAAAAJ&pagesize=50&citation_for_view=N8RBFoAAAAAJ:ufrVoPGSRksC,"In light of the current COVID-19 pandemic, there is an urgent need to accurately infer the evolutionary and transmission history of the virus to inform real-time outbreak management, public health policies and mitigation strategies. Current phylogenetic and phylodynamic approaches typically use consensus sequences, essentially assuming the presence of a single viral strain per host. Here, we analyze 621 bulk RNA sequencing samples and 7,540 consensus sequences from COVID-19 patients, and identify multiple strains of the virus, SARS-CoV-2, in four major clades that are prevalent within and across hosts. In particular, we find evidence for (i) within-host diversity across phylogenetic clades, (ii) putative cases of recombination, multi-strain and/or superinfections as well as (iii) distinct strain profiles across geographical locations and time. Our findings and algorithms will facilitate more detailed evolutionary analyses and contact tracing that specifically account for within-host viral diversity in the ongoing COVID-19 pandemic as well as future pandemics."
26,Integrating deep neural networks and symbolic inference for organic reactivity prediction,19,2020,https://scholar.google.com/citations?view_op=view_citation&hl=en&user=N8RBFoAAAAAJ&pagesize=50&citation_for_view=N8RBFoAAAAAJ:qjMakFHDy7sC,"Accurate in silico models for the prediction of novel chemical reaction outcomes can be used to guide the rapid discovery of new reactivity and enable novel synthesis strategies for newly discovered lead compounds. Recent advances in machine learning, driven by deep learning models and data availability, have shown utility throughout synthetic organic chemistry as a data-driven method for reaction prediction. Here we present a machine-intelligence approach to predict the products of an organic reaction by integrating deep neural networks with a probabilistic and symbolic inference that flexibly enforces chemical constraints and accounts for prior chemical knowledge. We first train a graph convolutional neural network to estimate the likelihood of changes in covalent bonds, hydrogen counts, and formal charges. These estimated likelihoods govern a probability distribution over potential products. Integer Linear …"
27,Contrastive Fitness Learning: Reprogramming Protein Language Models for Low-N Learning of Protein Fitness Landscape,16,2024,https://scholar.google.com/citations?view_op=view_citation&hl=en&user=N8RBFoAAAAAJ&pagesize=50&citation_for_view=N8RBFoAAAAAJ:IWHjjKOFINEC,"Machine learning (ML) is revolutionizing our ability to model the fitness landscape of protein sequences. Recently, the protein language model (pLM) has become the foundation of state-of-the-art ML solutions for many problems in protein biology. However, significant challenges remain in leveraging pLMs for protein fitness prediction, in part due to the disparity between the scarce number of sequences functionally characterized by high-throughput assays and the massive data samples required for training large pLMs. To bridge this gap, we introduce Contrastive Fitness Learning (ConFit), a pLM-based ML method for learning the protein fitness landscape with limited (low-N) experimental fitness measurements as training data (Fig. ). We propose a novel contrastive learning strategy to fine-tune the pre-trained pLM, tailoring it to achieve protein-specific fitness prediction while avoiding overfitting."
28,scPretrain: multi-task self-supervised learning for cell-type classification,16,2022,https://scholar.google.com/citations?view_op=view_citation&hl=en&user=N8RBFoAAAAAJ&pagesize=50&citation_for_view=N8RBFoAAAAAJ:YOwf2qJgpHMC,"Motivation Rapidly generated scRNA-seq datasets enable us to understand cellular differences and the function of each individual cell at single-cell resolution. Cell-type classification, which aims at characterizing and labeling groups of cells according to their gene expression, is one of the most important steps for single-cell analysis. To facilitate the manual curation process, supervised learning methods have been used to automatically classify cells. Most of the existing supervised learning approaches only utilize annotated cells in the training step while ignoring the more abundant unannotated cells. In this article, we proposed scPretrain, a multi-task self-supervised learning approach that jointly considers annotated and unannotated cells for cell-type classification. scPretrain consists of a pre-training step and a fine-tuning step. In the pre-training step, scPretrain uses a multi-task learning …"
29,"System and method to fuse multiple sources of optical data to generate a high-resolution, frequent and cloud-/gap-free surface reflectance product",15,2023,https://scholar.google.com/citations?view_op=view_citation&hl=en&user=N8RBFoAAAAAJ&pagesize=50&citation_for_view=N8RBFoAAAAAJ:UebtZRa9Y70C,"Aspects of the subject disclosure may include, for example, performing, by a processing system, image fusion using two or more groups of images to generate predicted images, wherein each group of the two or more groups has one of a different resolution, a different frequency temporal pattern or a combination thereof than another of the two or more groups. Gap filling can be performed by the processing system to correct images of the two or more groups. Addi-tional embodiments are disclosed."
30,Mitigating Data Scarcity in Protein Binding Prediction Using Meta-Learning.,11,2019,https://scholar.google.com/citations?view_op=view_citation&hl=en&user=N8RBFoAAAAAJ&pagesize=50&citation_for_view=N8RBFoAAAAAJ:2osOgNQ5qMEC,"A plethora of biological functions are performed through various types of proteinpeptide binding, eg, protein kinase phosphorylation on peptide substrates. Understanding the specificity of protein-peptide interactions is critical for unraveling the architectures of functional pathways and the mechanisms of cellular processes in human cells. A line of computational prediction methods has been recently proposed to predict protein-peptide bindings which efficiently provide rich functional annotations on a large scale. To achieve a high prediction accuracy, these computational methods require a sufficient amount of data to build the prediction model. However, the number of experimentally verified proteinpeptide bindings is often limited in real cases. These methods are thus limited to building accurate prediction models for only well-characterized proteins with a large volume of known binding peptides and cannot be …"
31,Low-density locality-sensitive hashing boosts metagenomic binning,11,2016,https://scholar.google.com/citations?view_op=view_citation&hl=en&user=N8RBFoAAAAAJ&pagesize=50&citation_for_view=N8RBFoAAAAAJ:u5HHmVD_uO8C,"2 MethodWe introduce a novel compositional metagenomic binning algorithm, Opal, which robustly represents long k-mers in a compact way to better capture the long-range compositional dependencies in a fragment. The key idea behind our algorithm is built on locality-sensitive hashing (LSH), a dimensionality-reduction technique that hashes input high-dimensional data into low-dimensional buckets, with the goal of maximiz the probability of collisions for similar input data. To the best of our knowledge, it is the first time that LSH functions have been applied for compositional-based metagenomic binning. We propose to use them first to represent metagenomic fragments compactly and subsequently for machine learning classification algorithms to train metagenomic binning models. Since metagenomic fragments can be very long, sometimes from hundreds of bps to tens of thousands of bps, we hope to construct …"
32,Contrastive learning of protein representations with graph neural networks for structural and functional annotations,8,2023,https://scholar.google.com/citations?view_op=view_citation&hl=en&user=N8RBFoAAAAAJ&pagesize=50&citation_for_view=N8RBFoAAAAAJ:4TOpqqG69KYC,"Although protein sequence data is growing at an ever-increasing rate, the protein universe is still sparsely annotated with functional and structural annotations. Computational approaches have become efficient solutions to infer annotations for unlabeled proteins by transferring knowledge from proteins with experimental annotations. Despite the increasing availability of protein structure data and the high coverage of high-quality predicted structures, e.g., by AlphaFold, many existing computational tools still only rely on sequence data to predict structural or functional annotations, including alignment algorithms such as BLAST and several sequence-based deep learning models. Here, we develop PenLight, a general deep learning framework for protein structural and functional annotations. Pen-Light uses a graph neural network (GNN) to integrate 3D protein structure data and protein language model …"
33,Pareto-optimal sampling for multi-objective protein sequence design,7,2025,https://scholar.google.com/citations?view_op=view_citation&hl=en&user=N8RBFoAAAAAJ&pagesize=50&citation_for_view=N8RBFoAAAAAJ:_Qo2XoVZTnwC,"Supervised machine learning (ML) has significantly advanced sequence-based protein property prediction. However, its inverse application, designing protein sequences with desired properties, remains under-explored. The challenges in sequence design stem from the vast search space and the rugged protein fitness landscape. In this work, we present MosPro, an efficient ML algorithm for property-guided protein sequence design. We frame sequence design as a discrete sampling problem. Utilizing a pre-trained differentiable ML model that predicts properties of sequences, MosPro shapes a distribution that assigns high probability mass to regions for high-property sequences. To generate designs, MosPro efficiently samples sequences from this constructed distribution. We further develop a Pareto optimization algorithm to propose sequences that are simultaneously optimized for multiple properties …"
34,Supervised biological network alignment with graph neural networks,7,2023,https://scholar.google.com/citations?view_op=view_citation&hl=en&user=N8RBFoAAAAAJ&pagesize=50&citation_for_view=N8RBFoAAAAAJ:dhFuZR0502QC,"Motivation Despite the advances in sequencing technology, massive proteins with known sequences remain functionally unannotated. Biological network alignment (NA), which aims to find the node correspondence between species’ protein–protein interaction (PPI) networks, has been a popular strategy to uncover missing annotations by transferring functional knowledge across species. Traditional NA methods assumed that topologically similar proteins in PPIs are functionally similar. However, it was recently reported that functionally unrelated proteins can be as topologically similar as functionally related pairs, and a new data-driven or supervised NA paradigm has been proposed, which uses protein function data to discern which topological features correspond to functional relatedness. Results Here, we propose GraNA, a deep learning framework for the supervised NA …"
35,Sensing the shape of functional proteins with topology,7,2023,https://scholar.google.com/citations?view_op=view_citation&hl=en&user=N8RBFoAAAAAJ&pagesize=50&citation_for_view=N8RBFoAAAAAJ:aqlVkmm33-oC,A topology-based approach is developed to better understand the relationship between protein structure and protein function.
36,BioDolphin as a comprehensive database of lipid–protein binding interactions,5,2024,https://scholar.google.com/citations?view_op=view_citation&hl=en&user=N8RBFoAAAAAJ&pagesize=50&citation_for_view=N8RBFoAAAAAJ:HDshCWvjkbEC,"Lipid-protein interactions are crucial for virtually all biological processes in living cells. However, existing structural databases focusing on these interactions are limited to integral membrane proteins. A systematic understanding of diverse lipid-protein interactions also encompassing lipid-anchored, peripheral membrane and soluble lipid binding proteins remains to be elucidated. To address this gap and facilitate the research of universal lipid-protein assemblies, we developed BioDolphin - a curated database with over 127,000 lipid-protein interactions. BioDolphin provides comprehensive annotations, including protein functions, protein families, lipid classifications, lipid-protein binding affinities, membrane association type, and atomic structures. Accessible via a publicly available web server (www.biodolphin.chemistry.gatech.edu), users can efficiently search for lipid-protein interactions using a wide range of …"
37,Leveraging conformal prediction to annotate enzyme function space with limited false positives,4,2024,https://scholar.google.com/citations?view_op=view_citation&hl=en&user=N8RBFoAAAAAJ&pagesize=50&citation_for_view=N8RBFoAAAAAJ:qUcmZB5y_30C,"Machine learning (ML) is increasingly being used to guide biological discovery in biomedicine such as prioritizing promising small molecules in drug discovery. In those applications, ML models are used to predict the properties of biological systems, and researchers use these predictions to prioritize candidates as new biological hypotheses for downstream experimental validations. However, when applied to unseen situations, these models can be overconfident and produce a large number of false positives. One solution to address this issue is to quantify the model’s prediction uncertainty and provide a set of hypotheses with a controlled false discovery rate (FDR) pre-specified by researchers. We propose CPEC, an ML framework for FDR-controlled biological discovery. We demonstrate its effectiveness using enzyme function annotation as a case study, simulating the discovery process of identifying the functions of less-characterized enzymes. CPEC integrates a deep learning model with a statistical tool known as conformal prediction, providing accurate and FDR-controlled function predictions for a given protein enzyme. Conformal prediction provides rigorous statistical guarantees to the predictive model and ensures that the expected FDR will not exceed a user-specified level with high probability. Evaluation experiments show that CPEC achieves reliable FDR control, better or comparable prediction performance at a lower FDR than existing methods, and accurate predictions for enzymes under-represented in the training data. We expect CPEC to be a useful tool for biological discovery applications where a high yield rate in validation …"
38,Deciphering signaling specificity with interpretable deep neural networks,4,2018,https://scholar.google.com/citations?view_op=view_citation&hl=en&user=N8RBFoAAAAAJ&pagesize=50&citation_for_view=N8RBFoAAAAAJ:UeHWp8X0CEIC,"Protein kinase phosphorylation is a prevalent post-translational modification (PTM) regulating protein function and transmitting signals throughout the cell. Defective signal transductions, which are associated with protein phosphorylation, have been revealed to link to many human diseases, such as cancer. Defining the organization of the phosphorylation-based signaling network and, in particular, identifying kinase-specific substrates can help reveal the molecular mechanism of the signaling network. Here, we present DeepSignal, a deep learning framework for predicting the substrate specificity for kinase/SH2 sequences with or without mutations. Empowered by the memory and selection mechanism of recurrent neural network, DeepSignal can identify important specificity-defining residues to predict kinase specificity and changes upon mutations. Evaluated on several public benchmark datasets, DeepSignal significantly outperforms current methods on predicting substrate specificity on both kinase and SH2 domains. Further analysis in The Cancer Genome Atlas (TCGA) demonstrated that DeepSignal is able to aggregate mutations on both kinase/SH2 domains and substrates to quantify binding specificity changes, predict cancer genes related to signaling transduction, and identify novel perturbed pathways.AvailabilityImplementation of DeepSignal is at https://github.com/luoyunan/DeepSignal"
39,Learning maximally spanning representations improves protein function annotation,3,2025,https://scholar.google.com/citations?view_op=view_citation&hl=en&user=N8RBFoAAAAAJ&pagesize=50&citation_for_view=N8RBFoAAAAAJ:e5wmG9Sq2KIC,"Protein function prediction is an essential problem in the field of computational biology and has a significant influence on many applications like drug discovery and antibody design. A long-lasting challenge for this problem is the data imbalance issue in existing protein function data, known as the long-tail problem: a small set of function classes are associated with most of the annotated proteins, while the majority of classes only have very few labeled proteins. This leads to the biased performance of current machine learning-based protein function prediction models, which focus more on optimizing prediction accuracy for well-represented function classes while performing poorly for underrepresented classes. In this work, we developed MSRep, a deep learning-based framework for protein function annotation aimed to mitigate the data imbalance issue. The inspiration for MSRep comes from an interesting …"
40,Rewiring protein sequence and structure generative models to enhance protein stability prediction,3,2025,https://scholar.google.com/citations?view_op=view_citation&hl=en&user=N8RBFoAAAAAJ&pagesize=50&citation_for_view=N8RBFoAAAAAJ:R3hNpaxXUhUC,"Predicting the effects of amino acid substitutions on protein thermostability is critical for understanding diseases and engineering proteins. Recent protein generative models excel in predicting properties from structural or evolutionary contexts but fall short in stability prediction. We introduce SPURS, a deep learning framework integrating a protein language model (ESM) and an inverse folding model (ProteinMPNN). SPURS rewires ProteinMPNN’s structural representations into ESM’s attention layers, combining structural and sequence information for mutation prediction. Trained on a mega-scale thermostability dataset, SPURS achieves state-of-the-art accuracy and scalability across benchmarks. Beyond stability, it identifies functional sites unsupervised and enhances low-N fitness models, establishing itself as a versatile tool for protein engineering and analysis."
41,Group ligands docking to protein pockets,3,2025,https://scholar.google.com/citations?view_op=view_citation&hl=en&user=N8RBFoAAAAAJ&pagesize=50&citation_for_view=N8RBFoAAAAAJ:TQgYirikUcIC,"Molecular docking is a key task in computational biology that has attracted increasing interest from the machine learning community. While existing methods have achieved success, they generally treat each protein-ligand pair in isolation. Inspired by the biochemical observation that ligands binding to the same target protein tend to adopt similar poses, we propose \textsc{GroupBind}, a novel molecular docking framework that simultaneously considers multiple ligands docking to a protein. This is achieved by introducing an interaction layer for the group of ligands and a triangle attention module for embedding protein-ligand and group-ligand pairs. By integrating our approach with diffusion-based docking model, we set a new S performance on the PDBBind blind docking benchmark, demonstrating the effectiveness of our proposed molecular docking paradigm."
42,Large-scale integration of heterogeneous pharmacogenomic data for identifying drug mechanism of action,3,2018,https://scholar.google.com/citations?view_op=view_citation&hl=en&user=N8RBFoAAAAAJ&pagesize=50&citation_for_view=N8RBFoAAAAAJ:zYLM7Y9cAGgC,"A variety of large-scale pharmacogenomic data, such as perturbation experiments and sensitivity profiles, enable the systematical identification of drug mechanism of actions (MoAs), which is a crucial task in the era of precision medicine. However, integrating these complementary pharmacogenomic datasets is inherently challenging due to the wild heterogeneity, high-dimensionality and noisy nature of these datasets. In this work, we develop Mania, a novel method for the scalable integration of large-scale pharmacogenomic data. Mania first constructs a drug-drug similarity network through integrating multiple heterogeneous data sources, including drug sensitivity, drug chemical structure, and perturbation assays. It then learns a compact vector representation for each drug to simultaneously encode its structural and pharmacogenomic properties. Extensive experiments demonstrate that Mania achieves …"
43,Generalizable and scalable protein stability prediction with rewired protein generative models,2,2025,https://scholar.google.com/citations?view_op=view_citation&hl=en&user=N8RBFoAAAAAJ&pagesize=50&citation_for_view=N8RBFoAAAAAJ:RHpTSmoSYBkC,"Predicting changes in protein thermostability caused by amino acid substitutions is essential for understanding human diseases and engineering proteins for practical applications. While recent protein generative models demonstrate impressive zero-shot performance in predicting various protein properties without task-specific training, their strong unsupervised prediction ability remains underexploited to improve protein stability prediction. We present SPURS, a deep learning framework that rewires and integrates two complementary protein generative models–a protein language model and an inverse folding model–and reprograms this unified framework for stability prediction through supervised fine-tuning on mega-scale thermostability data. SPURS delivers accurate, efficient, and scalable stability predictions and generalizes to unseen proteins and mutations. Beyond stability prediction, SPURS enables broad …"
44,Deciphering Signaling Specificity with Deep Neural Networks.,2,2018,https://scholar.google.com/citations?view_op=view_citation&hl=en&user=N8RBFoAAAAAJ&pagesize=50&citation_for_view=N8RBFoAAAAAJ:W7OEmFMy1HYC,"Protein kinase phosphorylation is one of the primary forms of post-translation modification (PTM) that transduce cellular signals and regulate cellular processes. Defective signal transductions, which are associated with protein phosphorylation, have been linked to many human diseases, such as cancer. Defining the organization of the phosphorylation-based signaling network and, in particular, identifying kinase-specific substrates can help reveal the molecular mechanism of the signaling network and understand their impacts on human diseases."
45,"System and method to fuse multiple sources of optical data to generate a high-resolution, frequent and cloud-/gap-free surface reflectance product",1,2026,https://scholar.google.com/citations?view_op=view_citation&hl=en&user=N8RBFoAAAAAJ&pagesize=50&citation_for_view=N8RBFoAAAAAJ:7PzlFSSx8tAC,"Aspects of the subject disclosure may include, for example, performing, by a processing system, image fusion using two or more groups of images to generate predicted images, wherein each group of the two or more groups has one of a different resolution, a different frequency temporal pattern or a combination thereof than another of the two or more groups. Gap filling can be performed by the processing system to correct images of the two or more groups. Additional embodiments are disclosed."
46,Fafe: Immune complex modeling with geodesic distance loss on noisy group frames,1,2024,https://scholar.google.com/citations?view_op=view_citation&hl=en&user=N8RBFoAAAAAJ&pagesize=50&citation_for_view=N8RBFoAAAAAJ:mB3voiENLucC,"Despite the striking success of general protein folding models such as AlphaFold2(AF2, Jumper et al. (2021)), the accurate computational modeling of antibody-antigen complexes remains a challenging task. In this paper, we first analyze AF2's primary loss function, known as the Frame Aligned Point Error (FAPE), and raise a previously overlooked issue that FAPE tends to face gradient vanishing problem on high-rotational-error targets. To address this fundamental limitation, we propose a novel geodesic loss called Frame Aligned Frame Error (FAFE, denoted as F2E to distinguish from FAPE), which enables the model to better optimize both the rotational and translational errors between two frames. We then prove that F2E can be reformulated as a group-aware geodesic loss, which translates the optimization of the residue-to-residue error to optimizing group-to-group geodesic frame distance. By fine-tuning AF2 with our proposed new loss function, we attain a correct rate of 52.3\% (DockQ 0.23) on an evaluation set and 43.8\% correct rate on a subset with low homology, with substantial improvement over AF2 by 182\% and 100\% respectively."
47,Author Correction: Generalizable and scalable protein stability prediction with rewired protein generative models,0,2026,https://scholar.google.com/citations?view_op=view_citation&hl=en&user=N8RBFoAAAAAJ&pagesize=50&citation_for_view=N8RBFoAAAAAJ:iH-uZ7U-co4C,"In this article, due a figure preparation error the uploaded file for figure 5 was an older version of the figure. Figure 5 and the corresponding Source Data have been replaced. The original article has been corrected."
48,Evolutionary profile enhancement improves protein function annotation for remote homologs,0,2026,https://scholar.google.com/citations?view_op=view_citation&hl=en&user=N8RBFoAAAAAJ&pagesize=50&citation_for_view=N8RBFoAAAAAJ:r0BpntZqJG4C,"Accurate annotation of protein function is essential for understanding biological processes, yet this remains challenging for proteins lacking characterized homologs or belonging to underrepresented functional classes. Although machine learning approaches have become the gold standard for automated function prediction, they often perform poorly on out-of-distribution samples with low sequence identity to training proteins with known annotations. We propose EPERep, an evolutionary input enhancement strategy that leverages the vast space of unannotated protein sequences to improve the prediction of the functions of underrepresented proteins. Our key insight is that, even if a query protein has insufficient similarity to annotated proteins for direct annotation transfer, a wider range of similar unannotated sequences can be identified to facilitate better representation learning. Inspired by profile-based sequence search methods, EPERep incorporates homologous sequences as contextual input to refine the representations of individual proteins from pre-trained protein language models, effectively constructing a pLM-based profile for each query protein. Across four major annotation benchmarks on EC numbers, structural domains, Pfam families, and Gene Ontology predictions, EPERep consistently outperforms strong ML and sequence-alignment baselines. Gains are most pronounced for proteins from rare functional classes, with few or no labeled homologs, and for sequences exhibiting remote homology to the training distribution. These results demonstrate that evolutionary input enhancement provides a principled and scalable strategy for …"
49,Deconvolving mutation effects on protein stability and function with disentangled protein language models,0,2026,https://scholar.google.com/citations?view_op=view_citation&hl=en&user=N8RBFoAAAAAJ&pagesize=50&citation_for_view=N8RBFoAAAAAJ:j3f4tGmQtD8C,"Understanding how evolutionary constraints shape protein sequences is fundamental to deciphering the molecular mechanisms underlying protein stability and function, which has broad implications in protein engineering and therapeutics development. Recent advances in protein language models (pLMs) have enabled accurate prediction of mutation effects through evolutionary information, effectively capturing the selective pressure that governs protein sequence variation. A critical challenge, however, remains in disentangling the intertwined mutation effects on protein stability and function, as evolutionary signals conflate both stability-driven and function-driven pressures, obscuring the mechanistic basis of mutation effects and limiting their utility for rational protein engineering. In this work, we introduce DETANGO, a novel deep learning framework that explicitly deconvolves the mutation effects on protein functions by removing components attributable to stability perturbations from the pLM-predicted mutation effects. Guided by computational or experimental stability measurements, DETANGO estimates a functional plausibility score for each single-point mutation that is the component of the mutation effect not accounted for by changes in stability. Single-point mutations with low functional plausibilities are predicted to be stable-but-inactive (SBI) variants, whose compromised activities are caused by direct perturbations on functional mechanisms rather than structural stability. Residues enriched for such variants are inferred to be functionally critical, as indicated by the strong evolutionary pressures to maintain protein function. Through …"
50,Machine learning for large and small data biomedical discovery,0,2021,https://scholar.google.com/citations?view_op=view_citation&hl=en&user=N8RBFoAAAAAJ&pagesize=50&citation_for_view=N8RBFoAAAAAJ:Zph67rFs4hoC,"In modern biomedicine, the role of computation becomes more crucial in light of the ever-increasing growth of biological data, which requires effective computational methods to integrate them in a meaningful way and unveil previously undiscovered biological insights. In this dissertation, we introduce a series of machine learning algorithms for biomedical discovery. Focused on protein functions in the context of system biology, these machine learning algorithms learn representations of protein sequences, structures, and networks in both the small-and large-data scenarios. First, we present a deep learning model that learns evolutionary contexts integrated representations of protein sequence and assists to discover protein variants with enhanced functions in protein engineering. Second, we describe a geometric deep learning model that learns representations of protein and compound structures to inform the prediction of protein-compound binding affinity. Third, we introduce a machine learning algorithm to integrate heterogeneous networks by learning compact network representations and to achieve drug repurposing by predicting novel drug-target interaction. We also present new scientific discoveries enabled by these machine learning algorithms. Taken together, this dissertation demonstrates the potential of machine learning to address the small-and large-data challenges of biomedical data and transform data into actionable insights and new discoveries."
